task	protocol	MEG	CI_lower	CI_upper	p_value	mean_Q	baseline_Q	best_baseline	mean_hidden_raw	baseline_hidden_raw	n_cells
bench-maxcut-g200	single-shot	0.0000	0.0000	0.0000	1.0000	0.0000	0.0000	self-refine	3044.0000	3062.2000	5
bench-maxcut-g200	self-refine	0.0000	0.0000	0.0000	1.0000	0.0000	0.0000	self-refine	3062.2000	3062.2000	10
bench-maxcut-g200	best-of-n	0.0000	0.0000	0.0000	1.0000	0.0000	0.0000	self-refine	3089.4000	3062.2000	10
bench-maxcut-g200	vgs	0.0000	0.0000	0.0000	1.0000	0.0000	0.0000	self-refine	3096.0000	3062.2000	6
bench-maxcut-g200	homo-chain	0.0000	0.0000	0.0000	1.0000	0.0000	0.0000	self-refine	3057.2000	3062.2000	5
bench-maxcut-g200	cross-chain	0.0000	0.0000	0.0000	1.0000	0.0000	0.0000	self-refine	3098.2000	3062.2000	5
bench-maxcut-g200	magicore	0.0000	0.0000	0.0000	1.0000	0.0000	0.0000	self-refine	3076.4000	3062.2000	5
bench-maxcut-g200	debate	0.0000	0.0000	0.0000	1.0000	0.0000	0.0000	self-refine	3075.0000	3062.2000	5
bench-maxcut-g200	moa	0.0000	0.0000	0.0000	1.0000	0.0000	0.0000	self-refine	3073.9000	3062.2000	10
bench-circle-packing-n20	single-shot	0.0000	0.0000	0.0000	1.0000	1.0000	1.0000	best-of-n	2.0000	2.0000	5
bench-circle-packing-n20	self-refine	-0.0267	-0.0802	0.0000	1.0000	0.9733	1.0000	best-of-n	1.9680	2.0000	5
bench-circle-packing-n20	best-of-n	0.0000	0.0000	0.0000	1.0000	1.0000	1.0000	best-of-n	2.0000	2.0000	5
bench-circle-packing-n20	vgs	0.0000	0.0000	0.0000	1.0000	1.0000	1.0000	best-of-n	2.0800	2.0000	5
bench-circle-packing-n20	homo-chain	0.0000	0.0000	0.0000	1.0000	1.0000	1.0000	best-of-n	2.0000	2.0000	5
bench-circle-packing-n20	cross-chain	-0.0267	-0.0802	0.0000	1.0000	0.9733	1.0000	best-of-n	1.9600	2.0000	5
bench-circle-packing-n20	magicore	0.0000	0.0000	0.0000	1.0000	1.0000	1.0000	best-of-n	2.0000	2.0000	5
bench-circle-packing-n20	debate	-0.5215	-0.8640	-0.1790	1.0000	0.4785	1.0000	best-of-n	-4.0000000000000004e+29	2.0000	5
bench-circle-packing-n20	moa	-0.2381	-0.3785	-0.1060	0.9910	0.7619	1.0000	best-of-n	1.6438	2.0000	10
bench-difference-bases	single-shot	-0.2091	-0.3453	-0.0769	0.9610	0.0000	0.2091	best-of-n	107.9548	15.3678	5
bench-difference-bases	self-refine	-0.1055	-0.2718	0.0614	0.8750	0.1037	0.2091	best-of-n	16.9798	15.3678	10
bench-difference-bases	best-of-n	0.0000	-0.1795	0.1843	0.5390	0.2091	0.2091	best-of-n	15.3678	15.3678	10
bench-difference-bases	vgs	-0.0512	-0.2257	0.1291	0.7030	0.1579	0.2091	best-of-n	15.7878	15.3678	9
bench-difference-bases	homo-chain	-0.2091	-0.3460	-0.0801	0.9510	0.0000	0.2091	best-of-n	35.4282	15.3678	5
bench-difference-bases	cross-chain	-0.1254	-0.3039	0.0814	0.8120	0.0838	0.2091	best-of-n	44.0080	15.3678	5
bench-difference-bases	magicore	-0.1566	-0.2962	-0.0112	0.9250	0.0525	0.2091	best-of-n	19.8942	15.3678	5
bench-difference-bases	debate	0.0993	-0.1798	0.4024	0.2720	0.3085	0.2091	best-of-n	13.2348	15.3678	5
bench-difference-bases	moa	0.1190	-0.0603	0.3003	0.1190	0.3281	0.2091	best-of-n	38.2157	15.3678	30
bench-flat-poly-deg50	single-shot	-0.0774	-0.2322	0.0000	1.0000	0.0000	0.0774	vgs	3.6737	2.2453	5
bench-flat-poly-deg50	self-refine	-0.0591	-0.2322	0.0366	0.7910	0.0183	0.0774	vgs	2.4787	2.2453	5
bench-flat-poly-deg50	best-of-n	-0.0774	-0.2322	0.0000	1.0000	0.0000	0.0774	vgs	2.9683	2.2453	5
bench-flat-poly-deg50	vgs	0.0000	-0.1548	0.1548	0.7870	0.0774	0.0774	vgs	2.2453	2.2453	5
bench-flat-poly-deg50	homo-chain	-0.0774	-0.2322	0.0000	1.0000	0.0000	0.0774	vgs	3.3747	2.2453	5
bench-flat-poly-deg50	cross-chain	-0.0774	-0.2322	0.0000	1.0000	0.0000	0.0774	vgs	2.6223	2.2453	5
bench-flat-poly-deg50	magicore	-0.0774	-0.2322	0.0000	1.0000	0.0000	0.0774	vgs	2.5064	2.2453	5
bench-flat-poly-deg50	debate	-0.0375	-0.1922	0.0798	0.7620	0.0399	0.0774	vgs	3.0287	2.2453	5
bench-flat-poly-deg50	moa	0.0128	-0.1548	0.1376	0.4700	0.0902	0.0774	vgs	2.2772	2.2453	10
bench-tsp-100	single-shot	-0.0093	-0.0443	0.0170	0.8520	0.0085	0.0178	vgs	52135.1235	50508.4930	5
bench-tsp-100	self-refine	-0.0178	-0.0524	0.0000	1.0000	0.0000	0.0178	vgs	52748.4600	50508.4930	1
bench-tsp-100	best-of-n	-0.0053	-0.0385	0.0193	0.5700	0.0125	0.0178	vgs	50927.0260	50508.4930	3
bench-tsp-100	vgs	0.0000	-0.0353	0.0353	0.6450	0.0178	0.0178	vgs	50508.4930	50508.4930	4
bench-tsp-100	homo-chain	-0.0178	-0.0524	0.0000	1.0000	0.0000	0.0178	vgs	53848.6183	50508.4930	5
bench-tsp-100	cross-chain	-0.0048	-0.0397	0.0258	0.7260	0.0130	0.0178	vgs	50661.4112	50508.4930	5
bench-tsp-100	magicore	-0.0117	-0.0463	0.0122	0.8290	0.0061	0.0178	vgs	52718.2135	50508.4930	5
bench-tsp-100	debate	-0.0178	-0.0524	0.0000	1.0000	0.0000	0.0178	vgs	53945.0856	50508.4930	5
bench-tsp-100	moa	-0.0153	-0.0499	0.0064	0.9370	0.0025	0.0178	vgs	52318.6035	50508.4930	10
bench-lj-n41	single-shot	0.0000	0.0000	0.0000	1.0000	0.0000	0.0000	self-refine	2639.6611	1580.3669	5
bench-lj-n41	self-refine	0.0000	0.0000	0.0000	1.0000	0.0000	0.0000	self-refine	1580.3669	1580.3669	5
bench-lj-n41	best-of-n	0.0000	0.0000	0.0000	1.0000	0.0000	0.0000	self-refine	-87.0592	1580.3669	5
bench-lj-n41	vgs	0.0000	0.0000	0.0000	1.0000	0.0000	0.0000	self-refine	-87.0887	1580.3669	5
bench-lj-n41	homo-chain	0.0000	0.0000	0.0000	1.0000	0.0000	0.0000	self-refine	3136.0033	1580.3669	5
bench-lj-n41	cross-chain	0.0000	0.0000	0.0000	1.0000	0.0000	0.0000	self-refine	4497.0771	1580.3669	5
bench-lj-n41	magicore	0.0000	0.0000	0.0000	1.0000	0.0000	0.0000	self-refine	1569.7534	1580.3669	5
bench-lj-n41	debate	0.0000	0.0000	0.0000	1.0000	0.0000	0.0000	self-refine	-28.6821	1580.3669	5
bench-lj-n41	moa	0.0000	0.0000	0.0000	1.0000	0.0000	0.0000	self-refine	2304.7680	1580.3669	10
bench-erdos-overlap	single-shot	-0.3800	-0.5587	-0.1878	0.9990	0.0000	0.3800	self-refine	0.8627	0.2779	5
bench-erdos-overlap	self-refine	0.0000	-0.2746	0.2795	0.5170	0.3800	0.3800	self-refine	0.2779	0.2779	10
bench-erdos-overlap	best-of-n	-0.2490	-0.4607	-0.0491	0.9650	0.1310	0.3800	self-refine	0.3457	0.2779	10
bench-erdos-overlap	vgs	-0.3349	-0.5225	-0.1255	0.9990	0.0451	0.3800	self-refine	0.4232	0.2779	10
bench-erdos-overlap	homo-chain	0.0484	-0.2074	0.3265	0.3750	0.4283	0.3800	self-refine	0.2674	0.2779	5
bench-erdos-overlap	cross-chain	-0.0377	-0.3587	0.2972	0.6110	0.3423	0.3800	self-refine	0.4029	0.2779	5
bench-erdos-overlap	magicore	-0.0534	-0.3633	0.2618	0.6000	0.3266	0.3800	self-refine	0.3424	0.2779	5
bench-erdos-overlap	debate	-0.2379	-0.5209	0.0944	0.9120	0.1421	0.3800	self-refine	0.7038	0.2779	5
bench-erdos-overlap	moa	0.1173	-0.1678	0.3756	0.2140	0.4972	0.3800	self-refine	0.2955	0.2779	10
bench-graph-coloring-g80	single-shot	0.0000	0.0000	0.0000	1.0000	0.0000	0.0000	self-refine	1e+30	4.0000000000000004e+29	5
bench-graph-coloring-g80	self-refine	0.0000	0.0000	0.0000	1.0000	0.0000	0.0000	self-refine	4.0000000000000004e+29	4.0000000000000004e+29	5
bench-graph-coloring-g80	best-of-n	0.0000	0.0000	0.0000	1.0000	0.0000	0.0000	self-refine	2.0000000000000002e+29	4.0000000000000004e+29	5
bench-graph-coloring-g80	vgs	0.0000	0.0000	0.0000	1.0000	0.0000	0.0000	self-refine	6.0000000000000005e+29	4.0000000000000004e+29	5
bench-graph-coloring-g80	homo-chain	0.0000	0.0000	0.0000	1.0000	0.0000	0.0000	self-refine	4.0000000000000004e+29	4.0000000000000004e+29	5
bench-graph-coloring-g80	cross-chain	0.0000	0.0000	0.0000	1.0000	0.0000	0.0000	self-refine	4.0000000000000004e+29	4.0000000000000004e+29	5
bench-graph-coloring-g80	magicore	0.0000	0.0000	0.0000	1.0000	0.0000	0.0000	self-refine	4.0000000000000004e+29	4.0000000000000004e+29	5
bench-graph-coloring-g80	debate	0.0000	0.0000	0.0000	1.0000	0.0000	0.0000	self-refine	6.0000000000000005e+29	4.0000000000000004e+29	5
bench-graph-coloring-g80	moa	0.0000	0.0000	0.0000	1.0000	0.0000	0.0000	self-refine	2.0000000000000002e+29	4.0000000000000004e+29	5
bench-tsp-50	single-shot	-0.0896	-0.1337	-0.0393	0.9870	0.0549	0.1445	vgs	24307.9286	22525.0446	5
bench-tsp-50	self-refine	-0.0770	-0.1228	-0.0247	0.9720	0.0675	0.1445	vgs	24057.1062	22525.0446	5
bench-tsp-50	best-of-n	-0.0033	-0.0443	0.0468	0.5050	0.1411	0.1445	vgs	22591.1587	22525.0446	5
bench-tsp-50	vgs	0.0000	-0.0616	0.0638	0.5460	0.1445	0.1445	vgs	22525.0446	22525.0446	5
bench-tsp-50	homo-chain	-0.0376	-0.0962	0.0254	0.8400	0.1069	0.1445	vgs	23273.4048	22525.0446	5
bench-tsp-50	cross-chain	-0.0210	-0.0624	0.0279	0.7720	0.1234	0.1445	vgs	22943.6447	22525.0446	5
bench-tsp-50	magicore	-0.0458	-0.1299	0.0536	0.8220	0.0987	0.1445	vgs	23435.6637	22525.0446	5
bench-tsp-50	debate	-0.0176	-0.0611	0.0354	0.7070	0.1269	0.1445	vgs	22875.6159	22525.0446	5
bench-tsp-50	moa	-0.0499	-0.0979	0.0076	0.9600	0.0946	0.1445	vgs	23518.0819	22525.0446	10
bench-molecule-qed	single-shot	-0.0898	-0.2198	0.0466	0.8810	0.3394	0.4293	vgs	0.7358	0.7717	5
bench-molecule-qed	self-refine	-0.0409	-0.1573	0.0699	0.7610	0.3883	0.4293	vgs	0.7553	0.7717	10
bench-molecule-qed	best-of-n	-0.0276	-0.1668	0.1034	0.6610	0.4017	0.4293	vgs	0.7607	0.7717	10
bench-molecule-qed	vgs	0.0000	-0.1167	0.1182	0.4920	0.4293	0.4293	vgs	0.7717	0.7717	10
bench-molecule-qed	homo-chain	-0.1018	-0.2220	0.0262	0.9280	0.3274	0.4293	vgs	0.7310	0.7717	5
bench-molecule-qed	cross-chain	-0.0816	-0.2202	0.0583	0.8480	0.3477	0.4293	vgs	0.7391	0.7717	5
bench-molecule-qed	magicore	-0.1164	-0.2434	0.0087	0.9360	0.3129	0.4293	vgs	0.7252	0.7717	5
bench-molecule-qed	debate	0.0444	-0.0743	0.1498	0.2980	0.4736	0.4293	vgs	0.7895	0.7717	5
bench-molecule-qed	moa	0.0077	-0.1450	0.1497	0.4630	0.4369	0.4293	vgs	0.7748	0.7717	10
bench-tfbind-10	single-shot	0.0000	0.0000	0.0000	1.0000	0.4277	0.4277	self-refine	0.4780	0.4780	5
bench-tfbind-10	self-refine	0.0000	0.0000	0.0000	1.0000	0.4277	0.4277	self-refine	0.4780	0.4780	4
bench-heilbronn-n12	single-shot	0.0000	0.0000	0.0000	1.0000	0.0000	0.0000	self-refine	0.0000	0.0000	5
bench-heilbronn-n12	self-refine	0.0000	0.0000	0.0000	1.0000	0.0000	0.0000	self-refine	0.0000	0.0000	1

# Aggregate MEG
protocol	MEG	CI_lower	CI_upper
single-shot	-0.0713	-0.1350	-0.0173
self-refine	-0.0273	-0.0484	-0.0094
best-of-n	-0.0363	-0.0860	-0.0017
vgs	-0.0386	-0.1056	0.0000
homo-chain	-0.0395	-0.0909	-0.0018
cross-chain	-0.0375	-0.0638	-0.0140
magicore	-0.0461	-0.0803	-0.0180
debate	-0.0689	-0.1831	0.0190
moa	-0.0047	-0.0648	0.0502